Camila, Bogota, chapinero, 9852
Camila2, Bogota, chapinero, 9852
Camila3, Bogota, chapinero, 9852
Camila4, Bogota, chapinero, 9852
Camila5, Bogota, chapinero, 9852
Camila, Bogota, chapinero, 9852
Camila2, Bogota, chapinero, 9852
Camila3, Bogota, chapinero, 9852
Camila4, Bogota, chapinero, 9852
Camila5, Bogota, chapinero, 9852
Camila, Bogota, chapinero, 9852
Camila2, Bogota, chapinero, 9852
Camila3, Bogota, chapinero, 9852
Camila4, Bogota, chapinero, 9852
Camila5, Bogota, chapinero, 9852
Camila, Bogota, chapinero, 9852
Camila2, Bogota, chapinero, 9852
Camila3, Bogota, chapinero, 9852
Camila4, Bogota, chapinero, 9852
Camila5, Bogota, chapinero, 9852
Camila, Bogota, chapinero, 9852
Camila, Bogota, chapinero, 9852
Camila2, Bogota, chapinero, 9852
Camila3, Bogota, chapinero, 9852
Camila4, Bogota, chapinero, 9852
Camila5, Bogota, chapinero, 9852
Camila, Bogota, chapinero, 9852
Camila2, Bogota, chapinero, 9852
Camila3, Bogota, chapinero, 9852
Camila4, Bogota, chapinero, 9852
Camila5, Bogota, chapinero, 9852
Camila, Bogota, chapinero, 9852
Camila2, Bogota, chapinero, 9852
Camila3, Bogota, chapinero, 9852
Camila4, Bogota, chapinero, 9852
Camila5, Bogota, chapinero, 9852
Camila, Bogota, chapinero, 9852
Camila2, Bogota, chapinero, 9852
Camila3, Bogota, chapinero, 9852
Camila4, Bogota, chapinero, 9852
Camila5, Bogota, chapinero, 9852
Camila, Bogota, chapinero, 9852
Camila, Bogota, chapinero, 9852
Camila2, Bogota, chapinero, 9852
Camila3, Bogota, chapinero, 9852
Camila4, Bogota, chapinero, 9852
Camila5, Bogota, chapinero, 9852
Camila, Bogota, chapinero, 9852
Camila2, Bogota, chapinero, 9852
Camila3, Bogota, chapinero, 9852
Camila4, Bogota, chapinero, 9852
Camila5, Bogota, chapinero, 9852
Camila, Bogota, chapinero, 9852
Camila2, Bogota, chapinero, 9852
Camila3, Bogota, chapinero, 9852
Camila4, Bogota, chapinero, 9852
Camila5, Bogota, chapinero, 9852
Camila, Bogota, chapinero, 9852
Camila2, Bogota, chapinero, 9852
Camila3, Bogota, chapinero, 9852
Camila4, Bogota, chapinero, 9852
Camila5, Bogota, chapinero, 9852
Camila, Bogota, chapinero, 9852
